name,symbol,current_price_usd,market_cap,total_volume,price_change_24h,timestamputc
Bitcoin,btc,83545.0,1667837375382,65964254738,-6.57404,2026-01-29_21-29-59
Ethereum,eth,2772.17,334565933701,32940875631,-7.9019,2026-01-29_21-29-59
Tether,usdt,0.998391,186027408179,107657588729,-0.03979,2026-01-29_21-29-59
BNB,bnb,853.55,116256814224,2779037488,-5.29579,2026-01-29_21-29-59
XRP,xrp,1.78,108291611626,4373823002,-7.11178,2026-01-29_21-29-59
Bitcoin,btc,83545.0,1667837375382,65964254738,-6.57404,2026-01-29_21-30-06
Ethereum,eth,2772.17,334565933701,32940875631,-7.9019,2026-01-29_21-30-06
Tether,usdt,0.998391,186027408179,107657588729,-0.03979,2026-01-29_21-30-06
BNB,bnb,853.55,116256814224,2779037488,-5.29579,2026-01-29_21-30-06
XRP,xrp,1.78,108291611626,4373823002,-7.11178,2026-01-29_21-30-06
Bitcoin,btc,84018.0,1678218352368,66345924040,-5.69697,2026-01-29_19-45-31
Ethereum,eth,2795.35,337358107500,34725491119,-6.92315,2026-01-29_19-45-31
Tether,usdt,0.998361,186021353780,108978968325,-0.03628,2026-01-29_19-45-31
BNB,bnb,860.23,117249349063,2821233499,-4.39262,2026-01-29_19-45-31
XRP,xrp,1.79,108821461722,4423488025,-6.48273,2026-01-29_19-45-31
Bitcoin,btc,84022.0,1679042151783,66378665168,-5.58978,2026-01-29_19-48-20
Ethereum,eth,2795.56,337358107500,34590699801,-6.77164,2026-01-29_19-48-20
Tether,usdt,0.998343,186024832941,108983007203,-0.0429,2026-01-29_19-48-20
BNB,bnb,860.55,117366891302,2845119247,-4.35724,2026-01-29_19-48-20
XRP,xrp,1.79,108884531064,4456096578,-6.21694,2026-01-29_19-48-20
Bitcoin,btc,84005.0,1678781519422,66376147433,-6.18332,2026-01-29_20-25-23
Ethereum,eth,2795.1,337523201459,34961581521,-7.54274,2026-01-29_20-25-23
Tether,usdt,0.998306,186027808150,109459203537,-0.03937,2026-01-29_20-25-23
BNB,bnb,860.11,117320750938,2879732795,-4.942,2026-01-29_20-25-23
XRP,xrp,1.79,108798362136,4448560711,-6.94846,2026-01-29_20-25-23
Bitcoin,btc,84208.0,1682955423788,68472971309,-5.46921,2026-01-29_21-22-31
Ethereum,eth,2810.88,339362747820,35617793270,-6.73089,2026-01-29_21-22-31
Tether,usdt,0.99827,186013557539,110689581374,-0.03311,2026-01-29_21-22-31
BNB,bnb,862.19,117593275249,3053332450,-4.31678,2026-01-29_21-22-31
XRP,xrp,1.8,109526449354,4492496024,-6.07914,2026-01-29_21-22-31
Bitcoin,btc,84292.0,1684976690113,68691800298,-5.36298,2026-01-29_22-23-15
Ethereum,eth,2809.14,339227382886,36733893135,-6.66109,2026-01-29_22-23-15
Tether,usdt,0.998462,186046774739,112241427082,-0.01004,2026-01-29_22-23-15
BNB,bnb,863.0,117663072572,3305273654,-4.29364,2026-01-29_22-23-15
XRP,xrp,1.8,110011333324,4578445843,-5.45224,2026-01-29_22-23-15
Bitcoin,btc,84399.0,1686459683448,70297106068,-5.48115,2026-01-29_23-21-58
Ethereum,eth,2813.02,339515914030,37129978442,-6.71542,2026-01-29_23-21-58
Tether,usdt,0.998468,186048463603,112837262496,-0.00577,2026-01-29_23-21-58
BNB,bnb,864.88,117928816487,3312548631,-4.17722,2026-01-29_23-21-58
XRP,xrp,1.8,109337829837,4555422049,-5.96338,2026-01-29_23-21-58
Bitcoin,btc,82379.0,1652131590181,74466500754,-7.13572,2026-01-30_01-42-42
Ethereum,eth,2754.6,334442611015,40757185511,-7.94358,2026-01-30_01-42-42
Tether,usdt,0.99828,185527972866,117310296143,-0.03228,2026-01-30_01-42-42
BNB,bnb,848.79,116350003364,3478131056,-5.68464,2026-01-30_01-42-42
XRP,xrp,1.78,108966229108,4887167891,-5.87115,2026-01-30_01-42-42
Bitcoin,btc,82675.0,1652018220247,83435160450,-5.96722,2026-01-30_04-05-35
Ethereum,eth,2738.82,330560251701,44211285266,-7.1055,2026-01-30_04-05-35
Tether,usdt,0.998483,185566039129,131864638642,-0.00183,2026-01-30_04-05-35
BNB,bnb,845.53,115296672310,3760387792,-5.50806,2026-01-30_04-05-35
XRP,xrp,1.75,106410481251,5335315356,-6.65774,2026-01-30_04-05-35
Bitcoin,btc,83007.0,1659045801798,85230778482,-5.87755,2026-01-30_05-42-49
Ethereum,eth,2748.78,331877805782,42265200731,-6.98225,2026-01-30_05-42-49
Tether,usdt,0.998465,185565948339,134691996080,-0.00653,2026-01-30_05-42-49
BNB,bnb,847.89,115697389283,3315891478,-5.55417,2026-01-30_05-42-49
XRP,xrp,1.76,107302737199,5365184184,-6.21377,2026-01-30_05-42-49
Bitcoin,btc,82200.0,1643542584347,86782924980,-6.77926,2026-01-30_06-42-17
Ethereum,eth,2713.65,327719917677,44140933620,-8.06607,2026-01-30_06-42-17
Tether,usdt,0.99847,185563475501,136291909351,-0.00781,2026-01-30_06-42-17
BNB,bnb,838.67,114355764989,3770832477,-6.6803,2026-01-30_06-42-17
XRP,xrp,1.74,105949287333,5344079872,-7.58962,2026-01-30_06-42-17
Bitcoin,btc,82570.0,1649848576125,88774298869,-6.33715,2026-01-30_07-37-24
Ethereum,eth,2732.4,329786630345,45575976427,-7.52588,2026-01-30_07-37-24
Tether,usdt,0.99849,185562764599,139261662762,-0.00902,2026-01-30_07-37-24
BNB,bnb,843.41,115011595158,3695337431,-6.75729,2026-01-30_07-37-24
XRP,xrp,1.75,106453874779,5447246413,-7.15926,2026-01-30_07-37-24
Bitcoin,btc,82512.0,1651466864613,90303500801,-6.56453,2026-01-30_08-32-42
Ethereum,eth,2731.4,330433146533,46389189275,-7.52362,2026-01-30_08-32-42
Tether,usdt,0.998322,185537261100,140648393753,-0.02461,2026-01-30_08-32-42
BNB,bnb,844.3,115298544951,3744138821,-6.54013,2026-01-30_08-32-42
XRP,xrp,1.75,106853803930,5360004678,-6.79231,2026-01-30_08-32-42
Bitcoin,btc,82392.0,1646381610716,90789856961,-6.25434,2026-01-30_09-34-33
Ethereum,eth,2725.57,328960066934,46192335647,-7.39413,2026-01-30_09-34-33
Tether,usdt,0.998402,185550819977,141471024184,-0.00663,2026-01-30_09-34-33
BNB,bnb,838.11,114284143352,3637192481,-7.16389,2026-01-30_09-34-33
XRP,xrp,1.74,105880691729,5244218108,-6.99292,2026-01-30_09-34-33
Bitcoin,btc,82375.0,1646711295883,91048543827,-6.1932,2026-01-30_10-29-14
Ethereum,eth,2721.81,328631132693,47761784538,-7.51766,2026-01-30_10-29-14
Tether,usdt,0.99835,185540136269,142578076659,-0.01423,2026-01-30_10-29-14
BNB,bnb,836.24,114084004003,3527675178,-6.73476,2026-01-30_10-29-14
XRP,xrp,1.74,105935338794,5138593547,-7.03962,2026-01-30_10-29-14
Bitcoin,btc,82721.0,1651689509635,90527915390,-5.88143,2026-01-30_11-16-41
Ethereum,eth,2732.98,329670759775,46490291695,-6.8974,2026-01-30_11-16-41
Tether,usdt,0.998417,185555571159,142631244307,-0.00588,2026-01-30_11-16-41
BNB,bnb,838.06,114172749552,3437350794,-6.30771,2026-01-30_11-16-41
XRP,xrp,1.75,106341520997,5063460330,-6.47753,2026-01-30_11-16-41
Bitcoin,btc,82659.0,1651813801630,91242891107,-5.76386,2026-01-30_11-24-32
Ethereum,eth,2735.25,330086655687,46306586145,-6.47281,2026-01-30_11-24-32
Tether,usdt,0.998411,185552649822,142518282230,-0.00637,2026-01-30_11-24-32
BNB,bnb,836.96,114240216114,3493912241,-6.30591,2026-01-30_11-24-32
XRP,xrp,1.75,106437810558,4982018319,-6.35566,2026-01-30_11-24-32
Bitcoin,btc,82686.0,1651980684818,91245780514,-5.902,2026-01-30_12-43-21
Ethereum,eth,2741.67,330855501769,46918202505,-6.35558,2026-01-30_12-43-21
Tether,usdt,0.99834,185539506419,143416953762,-0.01587,2026-01-30_12-43-21
BNB,bnb,837.18,114154858077,3438390842,-5.84554,2026-01-30_12-43-21
XRP,xrp,1.76,107182816870,5016889951,-5.69292,2026-01-30_12-43-21
Bitcoin,btc,82584.0,1651816568204,93304119232,-6.00737,2026-01-30_13-52-51
Ethereum,eth,2722.51,329440027404,47931244311,-7.03027,2026-01-30_13-52-51
Tether,usdt,0.99838,185549027083,145571704965,-0.01273,2026-01-30_13-52-51
BNB,bnb,843.91,115254166184,3542277065,-5.16996,2026-01-30_13-52-51
XRP,xrp,1.75,106545111423,5092884461,-6.51648,2026-01-30_13-52-51
Bitcoin,btc,82880.0,1655991395237,93827487593,-5.39323,2026-01-30_14-32-22
Ethereum,eth,2731.72,329595779465,47837078600,-6.34405,2026-01-30_14-32-22
Tether,usdt,0.998515,185568607989,146190566181,0.01066,2026-01-30_14-32-22
BNB,bnb,848.13,115619096671,3632285401,-4.37212,2026-01-30_14-32-22
XRP,xrp,1.76,106939178367,5108467205,-5.94462,2026-01-30_14-32-22
Bitcoin,btc,82652.0,1651555866339,89337649330,-3.14666,2026-01-30_15-29-33
Ethereum,eth,2711.1,327273801027,44938415677,-4.17719,2026-01-30_15-29-33
Tether,usdt,0.99866,185600827399,139143269958,0.02355,2026-01-30_15-29-33
BNB,bnb,847.28,115541913160,3473781124,-2.26914,2026-01-30_15-29-33
XRP,xrp,1.76,106859743055,5359473086,-3.10307,2026-01-30_15-29-33
Bitcoin,btc,83035.0,1658282931940,83478519534,-1.62706,2026-01-30_16-33-59
Ethereum,eth,2728.19,329199079665,44195016176,-2.84452,2026-01-30_16-33-59
Tether,usdt,0.998641,185588461544,131108827527,0.00644,2026-01-30_16-33-59
BNB,bnb,850.79,115912788694,3341104816,-0.91175,2026-01-30_16-33-59
XRP,xrp,1.76,106803868460,4972552667,-2.26671,2026-01-30_16-33-59
Bitcoin,btc,83225.0,1663329558564,80488995513,-2.03464,2026-01-30_17-29-56
Ethereum,eth,2729.59,329858758896,42206854485,-4.01323,2026-01-30_17-29-56
Tether,usdt,0.998571,185580909442,127026578550,-0.00559,2026-01-30_17-29-56
BNB,bnb,850.33,116079058171,2905247696,-1.84557,2026-01-30_17-29-56
XRP,xrp,1.77,107172624610,4916702849,-3.72691,2026-01-30_17-29-56
Bitcoin,btc,82167.0,1641839171350,78136697636,-2.06423,2026-01-30_18-35-36
Ethereum,eth,2663.61,321384493525,41292925151,-4.61276,2026-01-30_18-35-36
Tether,usdt,0.998501,185569845266,125113009716,-0.00089,2026-01-30_18-35-36
BNB,bnb,835.35,113907579336,2926551457,-3.06386,2026-01-30_18-35-36
XRP,xrp,1.72,104817535713,4830626099,-4.2139,2026-01-30_18-35-36
Bitcoin,btc,84256.0,1684255681372,79372991163,0.92624,2026-01-30_19-28-58
Ethereum,eth,2747.47,331761825042,42829655164,-0.80992,2026-01-30_19-28-58
Tether,usdt,0.998637,185586865380,127225084034,0.0237,2026-01-30_19-28-58
BNB,bnb,853.24,116418291211,2731347726,0.09733,2026-01-30_19-28-58
XRP,xrp,1.78,108135081403,4873631063,-0.38918,2026-01-30_19-28-58
Bitcoin,btc,83516.0,1669508135238,78796362539,-0.57017,2026-01-30_20-24-32
Ethereum,eth,2692.78,325961362358,43081967700,-3.69301,2026-01-30_20-24-32
Tether,usdt,0.998507,185584157365,127538410634,0.01663,2026-01-30_20-24-32
BNB,bnb,848.44,115465446082,2692516142,-1.39035,2026-01-30_20-24-32
XRP,xrp,1.76,106917181022,4977415244,-1.76459,2026-01-30_20-24-32
Bitcoin,btc,84309.0,1684255841854,80854752002,0.11541,2026-01-30_21-24-23
Ethereum,eth,2705.1,326580383332,42876054504,-3.76868,2026-01-30_21-24-23
Tether,usdt,0.998473,185563215652,131018130895,0.01954,2026-01-30_21-24-23
BNB,bnb,856.83,116856947543,2515806195,-0.63641,2026-01-30_21-24-23
XRP,xrp,1.74,106098187720,4960478652,-3.10718,2026-01-30_21-24-23
Bitcoin,btc,83850.0,1676638859776,80274631432,-0.49406,2026-01-30_22-20-32
Ethereum,eth,2692.43,325128239654,43448753292,-4.17802,2026-01-30_22-20-32
Tether,usdt,0.998362,185533951651,130929774357,-0.00506,2026-01-30_22-20-32
BNB,bnb,856.79,116858762878,2413986792,-0.70378,2026-01-30_22-20-32
XRP,xrp,1.72,104866220979,4982818515,-4.73328,2026-01-30_22-20-32
Bitcoin,btc,84030.0,1679130293152,80443460480,-0.38414,2026-01-30_23-21-14
Ethereum,eth,2701.2,326042560148,42544403555,-3.89894,2026-01-30_23-21-14
Tether,usdt,0.998495,185567873833,131024744227,0.00264,2026-01-30_23-21-14
BNB,bnb,857.82,116935930105,2407306644,-0.78712,2026-01-30_23-21-14
XRP,xrp,1.72,104903821324,5023115160,-4.15521,2026-01-30_23-21-14
Bitcoin,btc,84034.0,1679227505862,76216316450,0.54543,2026-01-31_01-28-19
Ethereum,eth,2707.51,326780140107,39810430046,-3.19848,2026-01-31_01-28-19
Tether,usdt,0.998537,185575700569,126519732468,0.01654,2026-01-31_01-28-19
BNB,bnb,854.62,116511659376,2241432574,-0.71679,2026-01-31_01-28-19
XRP,xrp,1.74,106014230557,4870135556,-3.05933,2026-01-31_01-28-19
Bitcoin,btc,83903.0,1676927447950,63228986529,1.48341,2026-01-31_04-01-49
Ethereum,eth,2692.29,324984192839,34352322297,-1.63014,2026-01-31_04-01-49
Tether,usdt,0.998467,185564922964,106955720262,-0.00522,2026-01-31_04-01-49
BNB,bnb,852.1,116170060039,1869791904,0.9228,2026-01-31_04-01-49
XRP,xrp,1.74,105968152586,4159568593,-0.41844,2026-01-31_04-01-49
Bitcoin,btc,83891.0,1676478545856,60618777612,0.87029,2026-01-31_05-35-23
Ethereum,eth,2696.89,325635947164,34556135563,-2.09809,2026-01-31_05-35-23
Tether,usdt,0.99846,185557605979,103545870668,-0.00923,2026-01-31_05-35-23
BNB,bnb,850.66,116023989338,1819374247,0.1467,2026-01-31_05-35-23
XRP,xrp,1.73,105490607639,4094378043,-1.6714,2026-01-31_05-35-23
Bitcoin,btc,83574.0,1669456383156,59047269218,1.52011,2026-01-31_06-32-44
Ethereum,eth,2684.19,323819214379,32881184270,-1.2358,2026-01-31_06-32-44
Tether,usdt,0.998401,185548777249,101460813254,-0.00622,2026-01-31_06-32-44
BNB,bnb,848.18,115679960790,1785592686,1.1024,2026-01-31_06-32-44
XRP,xrp,1.73,105200205314,4022456764,-1.02089,2026-01-31_06-32-44
Bitcoin,btc,83589.0,1670139025574,56977342074,1.1152,2026-01-31_07-24-57
Ethereum,eth,2686.11,324121311981,31576887005,-1.93228,2026-01-31_07-24-57
Tether,usdt,0.998351,185544665843,98524054571,-0.01345,2026-01-31_07-24-57
BNB,bnb,848.71,115731555522,1730782184,0.52019,2026-01-31_07-24-57
XRP,xrp,1.72,104931873257,3887527323,-1.69549,2026-01-31_07-24-57
Bitcoin,btc,83127.0,1660980342115,55627613537,0.5403,2026-01-31_08-24-33
Ethereum,eth,2664.94,321563158289,31311133427,-2.75398,2026-01-31_08-24-33
Tether,usdt,0.998451,185552522864,96609005230,0.01182,2026-01-31_08-24-33
BNB,bnb,842.46,114873241990,1738495115,-0.38538,2026-01-31_08-24-33
XRP,xrp,1.71,103993875601,3984643863,-2.76879,2026-01-31_08-24-33
Bitcoin,btc,82888.0,1656648114632,55981067845,0.62048,2026-01-31_09-23-53
Ethereum,eth,2634.96,318046386537,32126037258,-3.35415,2026-01-31_09-23-53
Tether,usdt,0.998432,185557340073,98802145744,0.00051,2026-01-31_09-23-53
BNB,bnb,836.94,114137136540,1774222352,-0.17687,2026-01-31_09-23-53
XRP,xrp,1.7,103166779067,4108029837,-2.71577,2026-01-31_09-23-53
Bitcoin,btc,82828.0,1656047236072,55188271633,0.61483,2026-01-31_10-19-56
Ethereum,eth,2638.32,318565217000,32595946512,-2.90045,2026-01-31_10-19-56
Tether,usdt,0.998446,185558362249,96988216235,0.00919,2026-01-31_10-19-56
BNB,bnb,835.85,114035306561,1724233390,-0.0302,2026-01-31_10-19-56
XRP,xrp,1.69,103107963016,4051622724,-2.52739,2026-01-31_10-19-56
Bitcoin,btc,82889.0,1657168685408,54601179412,0.1989,2026-01-31_11-16-33
Ethereum,eth,2639.47,318879735398,32309145686,-3.42855,2026-01-31_11-16-33
Tether,usdt,0.998423,185560695622,96304859570,0.00041,2026-01-31_11-16-33
BNB,bnb,834.88,114000347635,1717249851,-0.39331,2026-01-31_11-16-33
XRP,xrp,1.7,103550868601,4052916466,-2.83036,2026-01-31_11-16-33
Bitcoin,btc,82792.0,1655124976687,53526868009,0.1119,2026-01-31_12-37-29
Ethereum,eth,2633.9,317988528613,31829868851,-3.84109,2026-01-31_12-37-29
Tether,usdt,0.998451,185562002784,94656512031,0.0151,2026-01-31_12-37-29
BNB,bnb,833.92,113712998295,1672825728,-0.42204,2026-01-31_12-37-29
XRP,xrp,1.69,102909799209,4066512470,-4.00958,2026-01-31_12-37-29
Bitcoin,btc,82488.0,1651633860955,53517307888,-0.19869,2026-01-31_13-38-09
Ethereum,eth,2619.96,316956876249,32874620095,-4.28893,2026-01-31_13-38-09
Tether,usdt,0.998394,185558154192,93900414075,0.00213,2026-01-31_13-38-09
BNB,bnb,829.45,113215898804,1602180441,-2.0375,2026-01-31_13-38-09
XRP,xrp,1.68,102530911538,4072808373,-4.11257,2026-01-31_13-38-09
Bitcoin,btc,82198.0,1642621910399,53285980306,-0.76547,2026-01-31_14-20-20
Ethereum,eth,2599.3,313742950904,33309977897,-4.87507,2026-01-31_14-20-20
Tether,usdt,0.998455,185086730706,93963629958,0.00364,2026-01-31_14-20-20
BNB,bnb,823.61,112674414985,1535502728,-2.84793,2026-01-31_14-20-20
XRP,xrp,1.66,101046741889,4103292371,-5.723,2026-01-31_14-20-20
Bitcoin,btc,81035.0,1627840435242,56306334876,-2.672,2026-01-31_15-18-58
Ethereum,eth,2537.97,306731345919,35716590965,-7.25126,2026-01-31_15-18-58
Tether,usdt,0.998574,185100025220,101664882879,-0.01006,2026-01-31_15-18-58
BNB,bnb,809.49,110995807194,1891549282,-4.98032,2026-01-31_15-18-58
XRP,xrp,1.65,99949135024,4367688021,-6.73743,2026-01-31_15-18-58
Bitcoin,btc,81393.0,1624160379621,57947288474,-1.78715,2026-01-31_16-21-57
Ethereum,eth,2532.32,305494324424,36719331750,-6.98505,2026-01-31_16-21-57
Tether,usdt,0.998649,185095302538,102858162113,0.00313,2026-01-31_16-21-57
BNB,bnb,804.13,108770087493,2016543260,-5.43919,2026-01-31_16-21-57
XRP,xrp,1.63,99233345092,4168166617,-7.14236,2026-01-31_16-21-57
Bitcoin,btc,79112.0,1580406829923,65510229877,-4.52958,2026-01-31_17-19-55
Ethereum,eth,2425.06,292541621094,35433253865,-10.52884,2026-01-31_17-19-55
Tether,usdt,0.998626,185116714990,115374982879,0.01074,2026-01-31_17-19-55
BNB,bnb,784.33,107063115048,2231461445,-7.38332,2026-01-31_17-19-55
XRP,xrp,1.57,95670825760,4608668680,-10.3079,2026-01-31_17-19-55
Bitcoin,btc,78247.0,1563039681828,68457205353,-4.66431,2026-01-31_18-25-35
Ethereum,eth,2389.44,288205147724,40720078419,-9.54841,2026-01-31_18-25-35
Tether,usdt,0.998464,185076013223,120537767686,0.00837,2026-01-31_18-25-35
BNB,bnb,776.71,106272461829,2333014429,-6.82944,2026-01-31_18-25-35
XRP,xrp,1.57,95304745292,4983799584,-9.66903,2026-01-31_18-25-35
Bitcoin,btc,78121.0,1558084519998,75184077151,-7.06911,2026-01-31_19-17-47
Ethereum,eth,2418.54,287784778560,46115755939,-11.69263,2026-01-31_19-17-47
Tether,usdt,0.998764,185135518933,132673078256,0.02537,2026-01-31_19-17-47
BNB,bnb,778.07,105613447507,2586855988,-8.54652,2026-01-31_19-17-47
XRP,xrp,1.6,96773305694,5633225288,-9.74596,2026-01-31_19-17-47
Bitcoin,btc,77407.0,1548356795058,74828415761,-7.58595,2026-01-31_20-20-25
Ethereum,eth,2366.98,285716386065,45443335399,-12.85538,2026-01-31_20-20-25
Tether,usdt,0.998626,185116858793,133417290170,0.00506,2026-01-31_20-20-25
BNB,bnb,768.33,104770944346,2589384347,-9.68356,2026-01-31_20-20-25
XRP,xrp,1.58,96206347225,5779785877,-10.08128,2026-01-31_20-20-25
Bitcoin,btc,77595.0,1554706613087,74093009945,-7.54027,2026-01-31_21-17-42
Ethereum,eth,2390.69,287381362244,47006979738,-11.22898,2026-01-31_21-17-42
Tether,usdt,0.99873,185133101312,132209172097,0.02866,2026-01-31_21-17-42
BNB,bnb,769.25,104768975921,2548507975,-10.022,2026-01-31_21-17-42
XRP,xrp,1.59,96977898704,5767423155,-8.2855,2026-01-31_21-17-42
Bitcoin,btc,78126.0,1561172978076,73676779950,-6.82443,2026-01-31_22-18-17
Ethereum,eth,2411.74,291082946950,46231259162,-10.40908,2026-01-31_22-18-17
Tether,usdt,0.998733,185138520106,134001306404,0.03966,2026-01-31_22-18-17
BNB,bnb,774.48,105829004531,2296583342,-9.60623,2026-01-31_22-18-17
XRP,xrp,1.61,98173390609,5886680916,-6.23194,2026-01-31_22-18-17
Bitcoin,btc,78172.0,1561475610267,75685133201,-6.98486,2026-01-31_23-17-43
Ethereum,eth,2418.95,292004289773,46520272621,-10.46689,2026-01-31_23-17-43
Tether,usdt,0.998873,185160590565,135317260350,0.03869,2026-01-31_23-17-43
BNB,bnb,776.16,105629276044,2589668656,-9.5161,2026-01-31_23-17-43
XRP,xrp,1.62,98310911810,5889794343,-6.27961,2026-01-31_23-17-43
Bitcoin,btc,78401.0,1566384589518,80249228331,-6.56046,2026-02-01_01-56-09
Ethereum,eth,2441.77,294681658659,49019428378,-9.40781,2026-02-01_01-56-09
Tether,usdt,0.998963,185181894117,143577770612,0.04685,2026-02-01_01-56-09
BNB,bnb,783.4,106792304394,2359809580,-8.23033,2026-02-01_01-56-09
XRP,xrp,1.65,100549172377,6413664843,-5.06586,2026-02-01_01-56-09
Bitcoin,btc,78863.0,1577268215936,81849082395,-6.12832,2026-02-01_04-28-11
Ethereum,eth,2445.47,295479252115,50055298899,-9.41532,2026-02-01_04-28-11
Tether,usdt,0.99902,185190646343,145771775500,0.04907,2026-02-01_04-28-11
BNB,bnb,782.69,106736870633,2707082587,-8.1083,2026-02-01_04-28-11
XRP,xrp,1.67,101542879562,6538549710,-4.47957,2026-02-01_04-28-11
Bitcoin,btc,78506.0,1569216801358,82870912322,-6.43149,2026-02-01_05-57-21
Ethereum,eth,2427.77,292934559488,51858924783,-9.8952,2026-02-01_05-57-21
Tether,usdt,0.998897,185171315469,147216185251,0.05218,2026-02-01_05-57-21
BNB,bnb,779.55,106297289352,2798925106,-8.32426,2026-02-01_05-57-21
XRP,xrp,1.66,101049486882,6405811141,-4.30391,2026-02-01_05-57-21
Bitcoin,btc,78254.0,1565165730875,83620440991,-6.40148,2026-02-01_06-51-15
Ethereum,eth,2416.42,291437087333,53091652264,-10.07593,2026-02-01_06-51-15
Tether,usdt,0.998913,185177148658,147754987493,0.05209,2026-02-01_06-51-15
BNB,bnb,777.64,106026694770,2783225317,-8.43834,2026-02-01_06-51-15
XRP,xrp,1.66,100800830652,6612595688,-3.83299,2026-02-01_06-51-15
Bitcoin,btc,78173.0,1562052539612,84124807770,-6.28298,2026-02-01_07-34-30
Ethereum,eth,2406.4,290170989295,52830324561,-10.12865,2026-02-01_07-34-30
Tether,usdt,0.999007,185189523389,148989361372,0.06106,2026-02-01_07-34-30
BNB,bnb,774.45,105520600181,2811531651,-8.53827,2026-02-01_07-34-30
XRP,xrp,1.65,100246446631,6434783219,-4.27982,2026-02-01_07-34-30
Bitcoin,btc,78337.0,1565060118537,83552472843,-5.57464,2026-02-01_08-27-24
Ethereum,eth,2402.51,290343455312,52817865344,-9.66401,2026-02-01_08-27-24
Tether,usdt,0.998972,185177285989,148030554058,0.05423,2026-02-01_08-27-24
BNB,bnb,775.52,105799436526,2802635215,-7.8785,2026-02-01_08-27-24
XRP,xrp,1.66,101147149427,6526064559,-2.47067,2026-02-01_08-27-24
Bitcoin,btc,78656.0,1571762991170,81135935597,-5.19247,2026-02-01_09-26-41
Ethereum,eth,2412.23,290997974692,51045927750,-8.37635,2026-02-01_09-26-41
Tether,usdt,0.998966,185181065877,145457929395,0.05061,2026-02-01_09-26-41
BNB,bnb,777.28,106029768705,2756456672,-7.03072,2026-02-01_09-26-41
XRP,xrp,1.66,100832654569,6380080434,-2.34654,2026-02-01_09-26-41
Bitcoin,btc,78983.0,1578338716476,82190075155,-4.69567,2026-02-01_10-21-14
Ethereum,eth,2429.03,293168699181,48590163482,-7.98159,2026-02-01_10-21-14
Tether,usdt,0.999025,185193848923,145879348349,0.05689,2026-02-01_10-21-14
BNB,bnb,779.38,106300515445,2758631766,-6.82456,2026-02-01_10-21-14
XRP,xrp,1.66,101068535745,6367437260,-2.02043,2026-02-01_10-21-14
Bitcoin,btc,78348.0,1566171150249,83265519238,-5.49272,2026-02-01_11-18-19
Ethereum,eth,2386.86,288146017378,53103219702,-9.56185,2026-02-01_11-18-19
Tether,usdt,0.999089,185196574939,147153872487,0.0664,2026-02-01_11-18-19
BNB,bnb,770.02,105073476160,2783986435,-7.82902,2026-02-01_11-18-19
XRP,xrp,1.63,99394072207,6260245137,-3.81629,2026-02-01_11-18-19
Bitcoin,btc,78554.0,1567643535225,84338224428,-5.1308,2026-02-01_12-39-07
Ethereum,eth,2403.93,289039766191,54343382573,-8.70417,2026-02-01_12-39-07
Tether,usdt,0.999209,185234822722,148582865712,0.07576,2026-02-01_12-39-07
BNB,bnb,771.04,105003656870,2803534381,-7.54119,2026-02-01_12-39-07
XRP,xrp,1.64,99623762611,6402403307,-2.98336,2026-02-01_12-39-07
Bitcoin,btc,78457.0,1567772352187,83534712877,-4.79707,2026-02-01_13-40-06
Ethereum,eth,2390.79,288519203898,53781586246,-8.68916,2026-02-01_13-40-06
Tether,usdt,0.999109,185208290023,147850688683,0.07176,2026-02-01_13-40-06
BNB,bnb,769.93,104988310795,2771901414,-7.1496,2026-02-01_13-40-06
XRP,xrp,1.64,99783582286,6192334173,-2.51731,2026-02-01_13-40-06
Bitcoin,btc,78019.0,1558868964184,82369527721,-4.7466,2026-02-01_14-22-13
Ethereum,eth,2370.33,286003371683,47165420303,-8.74908,2026-02-01_14-22-13
Tether,usdt,0.999113,185191563780,145189742016,0.07358,2026-02-01_14-22-13
BNB,bnb,760.77,103714232924,2678068647,-6.95159,2026-02-01_14-22-13
XRP,xrp,1.62,98690248239,6147970069,-2.16516,2026-02-01_14-22-13
Bitcoin,btc,77329.0,1549672215294,79455127155,-4.57393,2026-02-01_15-20-11
Ethereum,eth,2328.52,282119742958,48957861807,-8.34773,2026-02-01_15-20-11
Tether,usdt,0.998981,185187864462,138596309311,0.03897,2026-02-01_15-20-11
BNB,bnb,750.81,102541049138,2604109814,-7.24581,2026-02-01_15-20-11
XRP,xrp,1.6,97529959240,6391772533,-2.89134,2026-02-01_15-20-11
Bitcoin,btc,77189.0,1544136568022,78550754601,-5.54136,2026-02-01_16-23-17
Ethereum,eth,2291.4,277339777891,47037210442,-9.72061,2026-02-01_16-23-17
Tether,usdt,0.998951,185171972077,138716203801,0.04237,2026-02-01_16-23-17
BNB,bnb,747.07,102364679914,2288648196,-7.22884,2026-02-01_16-23-17
XRP,xrp,1.59,96909417241,6399943531,-3.02923,2026-02-01_16-23-17
Bitcoin,btc,77611.0,1551370592637,69910928806,-1.69089,2026-02-01_17-21-22
Ethereum,eth,2316.44,279673029377,46943281676,-4.25197,2026-02-01_17-21-22
Tether,usdt,0.999009,185189099631,125054907360,0.03846,2026-02-01_17-21-22
BNB,bnb,753.98,102813110552,2351767982,-3.79247,2026-02-01_17-21-22
XRP,xrp,1.6,97077030527,5066533418,1.97643,2026-02-01_17-21-22
Bitcoin,btc,78060.0,1558940099152,65384905520,-0.33933,2026-02-01_18-28-32
Ethereum,eth,2356.5,283943122602,44647483585,-1.46072,2026-02-01_18-28-32
Tether,usdt,0.999025,185202607853,117963858942,0.06075,2026-02-01_18-28-32
BNB,bnb,762.53,103952807525,2201160615,-1.82209,2026-02-01_18-28-32
XRP,xrp,1.62,98365919900,4803773585,3.17882,2026-02-01_18-28-32
Bitcoin,btc,77639.0,1551314426425,56460065095,-0.51753,2026-02-01_19-21-06
Ethereum,eth,2334.1,281669922056,38954262132,-3.36657,2026-02-01_19-21-06
Tether,usdt,0.998902,185177803522,102290928955,0.02441,2026-02-01_19-21-06
BNB,bnb,759.74,103632346257,1734144276,-2.17608,2026-02-01_19-21-06
XRP,xrp,1.61,97722659162,4023870743,0.49615,2026-02-01_19-21-06
Bitcoin,btc,77194.0,1542650925488,54323201646,-0.32817,2026-02-01_20-21-06
Ethereum,eth,2318.63,279892195554,37893671528,-2.20421,2026-02-01_20-21-06
Tether,usdt,0.998826,185178595391,98869187105,0.02238,2026-02-01_20-21-06
BNB,bnb,757.16,103127354273,1842223032,-1.49962,2026-02-01_20-21-06
XRP,xrp,1.59,96817716043,3808008542,0.70869,2026-02-01_20-21-06
Bitcoin,btc,76668.0,1531128826539,53515677731,-0.94755,2026-02-01_21-19-28
Ethereum,eth,2297.93,277554968793,37737349457,-3.77789,2026-02-01_21-19-28
Tether,usdt,0.998925,185165824552,98104973992,0.0182,2026-02-01_21-19-28
BNB,bnb,753.35,102709309640,1800936875,-1.90589,2026-02-01_21-19-28
XRP,xrp,1.59,96748114287,3756376462,-0.31869,2026-02-01_21-19-28
Bitcoin,btc,77249.0,1546555989802,53935284512,-1.08303,2026-02-01_22-19-26
Ethereum,eth,2317.03,280282412664,37466269197,-3.75065,2026-02-01_22-19-26
Tether,usdt,0.998829,185155133665,98348314376,0.00865,2026-02-01_22-19-26
BNB,bnb,761.02,103946806273,1799551620,-1.61372,2026-02-01_22-19-26
XRP,xrp,1.6,97564234613,4141028267,-0.47522,2026-02-01_22-19-26
Bitcoin,btc,76401.0,1527226730982,56584331478,-2.24167,2026-02-01_23-20-19
Ethereum,eth,2249.05,271462211358,40534179764,-7.01115,2026-02-01_23-20-19
Tether,usdt,0.998867,185166316323,101966667350,-0.0021,2026-02-01_23-20-19
BNB,bnb,751.42,102355067954,1877037936,-3.09096,2026-02-01_23-20-19
XRP,xrp,1.58,96004142794,4294667009,-2.13959,2026-02-01_23-20-19
Bitcoin,btc,77570.0,1550926329952,59225135958,-0.9122,2026-02-02_01-49-00
Ethereum,eth,2296.4,277353167775,42667690918,-5.67302,2026-02-02_01-49-00
Tether,usdt,0.999163,185218806092,107615220669,0.02004,2026-02-02_01-49-00
BNB,bnb,764.33,104277163523,1889520463,-2.33912,2026-02-02_01-49-00
XRP,xrp,1.61,97691161423,3999263148,-2.68539,2026-02-02_01-49-00
Bitcoin,btc,75698.0,1508300237428,68404797876,-4.11888,2026-02-02_04-21-11
Ethereum,eth,2220.62,268078118927,48028322440,-9.3171,2026-02-02_04-21-11
Tether,usdt,0.999014,185175769266,122051674763,-0.00053,2026-02-02_04-21-11
BNB,bnb,745.4,101406983585,2219541703,-4.87644,2026-02-02_04-21-11
XRP,xrp,1.57,95127087067,4885912117,-6.16452,2026-02-02_04-21-11
Bitcoin,btc,75445.0,1506554287674,73200160301,-3.8898,2026-02-02_06-00-23
Ethereum,eth,2197.25,265053584750,50994559405,-9.47824,2026-02-02_06-00-23
Tether,usdt,0.998912,185172013152,128836110394,-0.00105,2026-02-02_06-00-23
BNB,bnb,738.32,100608172797,2392685528,-5.31598,2026-02-02_06-00-23
XRP,xrp,1.55,94125366824,4617350150,-6.81341,2026-02-02_06-00-23
Bitcoin,btc,76445.0,1527898014904,77129579737,-2.07652,2026-02-02_07-14-17
Ethereum,eth,2227.96,268392043211,54057635926,-7.06078,2026-02-02_07-14-17
Tether,usdt,0.998882,185169179417,137801603136,-0.00586,2026-02-02_07-14-17
BNB,bnb,749.88,102038843926,2637301371,-3.18824,2026-02-02_07-14-17
XRP,xrp,1.58,96220982889,5675203258,-4.08278,2026-02-02_07-14-17
Bitcoin,btc,76732.0,1531897877013,79770864970,-2.17484,2026-02-02_08-37-37
Ethereum,eth,2242.53,270465599052,54971206332,-6.79273,2026-02-02_08-37-37
Tether,usdt,0.998859,185162352599,142214773655,-0.01379,2026-02-02_08-37-37
BNB,bnb,756.16,103116603197,2673542076,-3.10694,2026-02-02_08-37-37
XRP,xrp,1.59,96735156512,5242950639,-4.41212,2026-02-02_08-37-37
Bitcoin,btc,77348.0,1545848576659,81680434472,-1.75937,2026-02-02_09-42-13
Ethereum,eth,2287.78,276299238043,56528300729,-5.50008,2026-02-02_09-42-13
Tether,usdt,0.998999,185178731079,145329325828,0.00184,2026-02-02_09-42-13
BNB,bnb,762.35,104135396127,2718286278,-2.23817,2026-02-02_09-42-13
XRP,xrp,1.6,97292853260,5350005409,-3.47395,2026-02-02_09-42-13
Bitcoin,btc,77548.0,1550924862550,83779314159,-1.35517,2026-02-02_10-39-45
Ethereum,eth,2277.3,275525586101,57551624140,-5.1795,2026-02-02_10-39-45
Tether,usdt,0.998994,185189992735,148390184789,0.00577,2026-02-02_10-39-45
BNB,bnb,761.89,103868435915,2795647973,-1.77637,2026-02-02_10-39-45
XRP,xrp,1.61,97890251497,5344918498,-2.93621,2026-02-02_10-39-45
Bitcoin,btc,77717.0,1550656360501,83520411325,-0.82366,2026-02-02_11-32-52
Ethereum,eth,2281.33,274928605458,57470512350,-4.37343,2026-02-02_11-32-52
Tether,usdt,0.999018,185187047230,149034046704,-0.00362,2026-02-02_11-32-52
BNB,bnb,763.78,104035417986,2717579041,-0.96303,2026-02-02_11-32-52
XRP,xrp,1.62,98354761279,5337307767,-1.0328,2026-02-02_11-32-52
Bitcoin,btc,77775.0,1554318390520,85304448929,-0.78265,2026-02-02_12-50-21
Ethereum,eth,2299.01,277436733472,57624249907,-3.9995,2026-02-02_12-50-21
Tether,usdt,0.999084,185196177545,151363994287,-0.01046,2026-02-02_12-50-21
BNB,bnb,765.14,104333825684,2798337010,-0.57446,2026-02-02_12-50-21
XRP,xrp,1.64,99757772915,5574456045,-0.00591,2026-02-02_12-50-21
Bitcoin,btc,78165.0,1557286446164,86650503366,-0.14943,2026-02-02_13-59-35
Ethereum,eth,2327.96,280177608056,59413887346,-2.11865,2026-02-02_13-59-35
Tether,usdt,0.999132,185205569782,153493300291,0.00132,2026-02-02_13-59-35
BNB,bnb,767.47,104524130427,2811442768,0.30224,2026-02-02_13-59-35
XRP,xrp,1.64,99677714359,5624948259,0.55204,2026-02-02_13-59-35
Bitcoin,btc,78489.0,1566465187176,87436672091,0.72996,2026-02-02_14-50-32
Ethereum,eth,2351.05,283494545577,61039420425,-0.14777,2026-02-02_14-50-32
Tether,usdt,0.999161,185204370178,155378561861,0.00989,2026-02-02_14-50-32
BNB,bnb,771.41,105122001339,2749203554,2.06605,2026-02-02_14-50-32
XRP,xrp,1.63,99548873464,5725806761,1.73731,2026-02-02_14-50-32
Bitcoin,btc,78621.0,1568301417859,87458767842,2.24005,2026-02-02_15-34-15
Ethereum,eth,2371.21,285323331375,60995775018,2.94571,2026-02-02_15-34-15
Tether,usdt,0.999265,185231275163,156978289108,0.03579,2026-02-02_15-34-15
BNB,bnb,775.63,105613702833,2648418794,3.85397,2026-02-02_15-34-15
XRP,xrp,1.64,99932046529,5649423143,3.87178,2026-02-02_15-34-15
Bitcoin,btc,79003.0,1580091233531,90711714781,1.95648,2026-02-02_16-33-49
Ethereum,eth,2377.62,287440147256,60574202945,2.45867,2026-02-02_16-33-49
Tether,usdt,0.99935,185247243569,158956157765,0.03255,2026-02-02_16-33-49
BNB,bnb,777.93,106215553722,2645136456,3.12874,2026-02-02_16-33-49
XRP,xrp,1.65,100460869886,5678330512,3.34126,2026-02-02_16-33-49
Bitcoin,btc,79065.0,1577409763412,92272418113,1.99358,2026-02-02_17-34-30
Ethereum,eth,2368.71,285500739589,60142575894,2.50803,2026-02-02_17-34-30
Tether,usdt,0.999325,185223532741,160353001557,0.02833,2026-02-02_17-34-30
BNB,bnb,777.19,105870860786,2641483837,3.62198,2026-02-02_17-34-30
XRP,xrp,1.65,100289514819,5664074176,3.66452,2026-02-02_17-34-30
Bitcoin,btc,78685.0,1569748657067,92999391481,0.80537,2026-02-02_18-37-01
Ethereum,eth,2351.55,282813884369,58776902510,-0.12825,2026-02-02_18-37-01
Tether,usdt,0.99939,185231643933,159350271600,0.03429,2026-02-02_18-37-01
BNB,bnb,775.93,105576664076,2578695948,1.76523,2026-02-02_18-37-01
XRP,xrp,1.64,99733052088,5638172416,1.56499,2026-02-02_18-37-01
Bitcoin,btc,78577.0,1571571334645,86774712345,3.03756,2026-02-02_23-23-56
Ethereum,eth,2342.06,283077191566,51896840948,3.87126,2026-02-02_23-23-56
Tether,usdt,0.999121,185191199651,148216474817,0.01447,2026-02-02_23-23-56
BNB,bnb,773.92,105618592377,2416408167,2.2259,2026-02-02_23-23-56
XRP,xrp,1.62,98592029663,5040449211,2.49048,2026-02-02_23-23-56
Bitcoin,btc,78842.0,1574442728757,81090170382,1.7822,2026-02-03_01-48-07
Ethereum,eth,2348.98,283212192030,48707390461,2.47761,2026-02-03_01-48-07
Tether,usdt,0.999168,185196404023,139562752517,0.00018,2026-02-03_01-48-07
BNB,bnb,771.41,105119658131,2242177859,0.88053,2026-02-03_01-48-07
XRP,xrp,1.61,97908615749,4671244201,0.42873,2026-02-03_01-48-07
Bitcoin,btc,78549.0,1568490559309,73391058122,4.14292,2026-02-03_04-11-41
Ethereum,eth,2339.17,281889119581,44124415980,5.78713,2026-02-03_04-11-41
Tether,usdt,0.999091,185186612045,126134075204,0.01382,2026-02-03_04-11-41
BNB,bnb,771.66,105068317473,1956479362,3.20292,2026-02-03_04-11-41
XRP,xrp,1.61,98014335892,4175327788,2.93582,2026-02-03_04-11-41
Bitcoin,btc,78290.0,1564406007553,68720725934,4.11386,2026-02-03_05-46-32
Ethereum,eth,2320.36,280007396750,42093678392,5.70146,2026-02-03_05-46-32
Tether,usdt,0.999073,185194476592,120927428522,0.01409,2026-02-03_05-46-32
BNB,bnb,774.78,105632307953,1547737267,4.80328,2026-02-03_05-46-32
XRP,xrp,1.61,98080324208,3915603839,4.27231,2026-02-03_05-46-32
Bitcoin,btc,78452.0,1567353821726,65945625062,2.78194,2026-02-03_06-44-09
Ethereum,eth,2318.69,279766013294,39412893104,4.65231,2026-02-03_06-44-09
Tether,usdt,0.999049,185175229054,114637980053,0.01851,2026-02-03_06-44-09
BNB,bnb,777.19,105828732139,1651802457,6.45842,2026-02-03_06-44-09
XRP,xrp,1.61,97880700659,3678357663,2.72117,2026-02-03_06-44-09
Bitcoin,btc,78768.0,1573987387728,63392679053,2.92334,2026-02-03_07-39-50
Ethereum,eth,2325.23,280979359690,37789085340,4.10639,2026-02-03_07-39-50
Tether,usdt,0.999131,185194251939,109755583149,0.02028,2026-02-03_07-39-50
BNB,bnb,781.54,106587566330,1523345674,3.96954,2026-02-03_07-39-50
XRP,xrp,1.62,98421875644,3464998869,2.33018,2026-02-03_07-39-50
Bitcoin,btc,78824.0,1575667262098,62169513790,2.66688,2026-02-03_08-31-29
Ethereum,eth,2325.83,280877724215,37816533578,3.83267,2026-02-03_08-31-29
Tether,usdt,0.999148,185189584232,107259591322,0.02678,2026-02-03_08-31-29
BNB,bnb,780.42,106554382515,1502463187,3.21084,2026-02-03_08-31-29
XRP,xrp,1.62,98514025805,3365323012,1.97971,2026-02-03_08-31-29
Bitcoin,btc,78180.0,1560947548220,62128396658,1.25814,2026-02-03_09-36-31
Ethereum,eth,2286.15,275548275793,38021094560,0.44232,2026-02-03_09-36-31
Tether,usdt,0.999095,185188489971,106607128934,0.01087,2026-02-03_09-36-31
BNB,bnb,771.53,105205700322,1493456531,1.34924,2026-02-03_09-36-31
XRP,xrp,1.6,97287941206,3331236970,0.18912,2026-02-03_09-36-31
Bitcoin,btc,78189.0,1564737683447,59806957999,0.74966,2026-02-03_10-35-07
Ethereum,eth,2285.78,276364996136,36715892544,-0.01407,2026-02-03_10-35-07
Tether,usdt,0.999089,185185490065,103013875684,0.00856,2026-02-03_10-35-07
BNB,bnb,768.81,104818328965,1436574913,0.73777,2026-02-03_10-35-07
XRP,xrp,1.6,97454516601,2851707624,-0.46989,2026-02-03_10-35-07
Bitcoin,btc,77980.0,1558288514290,55232737817,0.34345,2026-02-03_11-31-09
Ethereum,eth,2272.48,274406420143,34335406840,-0.20456,2026-02-03_11-31-09
Tether,usdt,0.999087,185182687294,101298528369,0.0088,2026-02-03_11-31-09
BNB,bnb,767.51,104633661870,1300353853,0.50017,2026-02-03_11-31-09
XRP,xrp,1.6,97307309607,2791687132,-1.08837,2026-02-03_11-31-09
Bitcoin,btc,78317.0,1565043226532,54721833493,0.69048,2026-02-03_12-50-24
Ethereum,eth,2298.66,277365110233,32790572019,0.02352,2026-02-03_12-50-24
Tether,usdt,0.999053,185179458451,99905329170,-0.00313,2026-02-03_12-50-24
BNB,bnb,773.18,105395213866,1424757801,1.06927,2026-02-03_12-50-24
XRP,xrp,1.61,97823809523,3034920343,-1.96777,2026-02-03_12-50-24
Bitcoin,btc,78225.0,1564024515674,53322870595,0.06273,2026-02-03_14-01-47
Ethereum,eth,2309.06,278775907473,34452868818,-0.82446,2026-02-03_14-01-47
Tether,usdt,0.999022,185172871498,97616672644,-0.01398,2026-02-03_14-01-47
BNB,bnb,774.11,105602395908,1235947058,0.86823,2026-02-03_14-01-47
XRP,xrp,1.61,97966427182,3004275584,-1.73893,2026-02-03_14-01-47
Bitcoin,btc,77543.0,1549995838717,53251548964,-1.78303,2026-02-03_15-44-25
Ethereum,eth,2282.71,275650580767,28345914052,-3.88696,2026-02-03_15-44-25
Tether,usdt,0.999209,185205755865,93995038725,-0.01225,2026-02-03_15-44-25
BNB,bnb,770.49,105300876753,1139912074,-1.0444,2026-02-03_15-44-25
XRP,xrp,1.6,97551421009,2910018025,-2.65725,2026-02-03_15-44-25
Bitcoin,btc,76663.0,1532426991777,53708627663,-2.89282,2026-02-03_16-46-34
Ethereum,eth,2245.11,271545511098,32165075804,-5.17736,2026-02-03_16-46-34
Tether,usdt,0.999123,185190259998,94558700198,-0.01827,2026-02-03_16-46-34
BNB,bnb,765.22,104385782783,1355890893,-1.68085,2026-02-03_16-46-34
XRP,xrp,1.59,96556330196,2773833540,-3.68829,2026-02-03_16-46-34
Bitcoin,btc,75006.0,1500360237316,55339721612,-4.83794,2026-02-03_17-49-40
Ethereum,eth,2208.44,266408823337,33735989222,-6.32336,2026-02-03_17-49-40
Tether,usdt,0.999003,185174701131,96662134950,-0.03651,2026-02-03_17-49-40
BNB,bnb,753.19,102718703866,1414380198,-2.75931,2026-02-03_17-49-40
XRP,xrp,1.56,95204676445,2929445275,-4.79121,2026-02-03_17-49-40
Bitcoin,btc,73438.0,1467619728479,62896588333,-6.5378,2026-02-03_18-51-07
Ethereum,eth,2120.39,255307515662,37949495966,-9.69698,2026-02-03_18-51-07
Tether,usdt,0.998994,185168702641,108279497268,-0.03218,2026-02-03_18-51-07
BNB,bnb,739.88,100814103300,1597061753,-4.51463,2026-02-03_18-51-07
XRP,xrp,1.54,93512865674,3187627347,-6.44904,2026-02-03_18-51-07
Bitcoin,btc,74917.0,1497013092719,67608203508,-4.51938,2026-02-03_19-42-42
Ethereum,eth,2199.46,265457785010,40507382031,-5.9545,2026-02-03_19-42-42
Tether,usdt,0.998944,185157659254,116884051495,-0.0306,2026-02-03_19-42-42
BNB,bnb,756.53,103159645815,1738620558,-1.98648,2026-02-03_19-42-42
XRP,xrp,1.58,96196962791,3543599365,-2.97716,2026-02-03_19-42-42
Bitcoin,btc,75610.0,1510054051901,69430371285,-3.37079,2026-02-03_20-30-51
Ethereum,eth,2245.1,269596957106,40158861538,-3.55323,2026-02-03_20-30-51
Tether,usdt,0.998881,185144781122,119574427385,-0.03969,2026-02-03_20-30-51
BNB,bnb,762.44,103751690016,1767849642,-1.10808,2026-02-03_20-30-51
XRP,xrp,1.59,96410193675,3605435762,-2.49939,2026-02-03_20-30-51
Bitcoin,btc,76406.0,1527622915718,71484661187,-2.26677,2026-02-03_21-30-10
Ethereum,eth,2298.28,278072587071,45930189838,-1.31852,2026-02-03_21-30-10
Tether,usdt,0.99879,185128667472,126316971703,-0.0448,2026-02-03_21-30-10
BNB,bnb,768.1,104742777012,1904661410,-0.4382,2026-02-03_21-30-10
XRP,xrp,1.62,98600383615,3900283155,0.22475,2026-02-03_21-30-10
Bitcoin,btc,75683.0,1513903614539,72557119378,-3.69061,2026-02-03_22-26-10
Ethereum,eth,2260.0,273190919413,46591648978,-3.37098,2026-02-03_22-26-10
Tether,usdt,0.998655,185108061692,127599367583,-0.04735,2026-02-03_22-26-10
BNB,bnb,758.82,103482918642,1912933019,-1.93392,2026-02-03_22-26-10
XRP,xrp,1.59,96913203208,3859083788,-2.01189,2026-02-03_22-26-10
Bitcoin,btc,75606.0,1510683702675,72996289069,-3.7906,2026-02-03_23-24-30
Ethereum,eth,2226.99,268700657848,47362373725,-4.86299,2026-02-03_23-24-30
Tether,usdt,0.998711,185118209773,129113823705,-0.04097,2026-02-03_23-24-30
BNB,bnb,756.26,103109814358,1929710542,-2.23689,2026-02-03_23-24-30
XRP,xrp,1.58,96059376392,3944113348,-2.5202,2026-02-03_23-24-30
Bitcoin,btc,76625.0,1529891956240,75836387609,-2.83287,2026-02-04_01-42-56
Ethereum,eth,2275.79,274477612489,49565243771,-3.14847,2026-02-04_01-42-56
Tether,usdt,0.9987,185486551322,132236405550,-0.04476,2026-02-04_01-42-56
BNB,bnb,761.11,103713972905,1996529078,-1.3532,2026-02-04_01-42-56
XRP,xrp,1.6,96996062510,4145655682,-0.88161,2026-02-04_01-42-56
Bitcoin,btc,76692.0,1529611200097,76318266071,-2.36325,2026-02-04_04-08-09
Ethereum,eth,2284.38,274883953136,49862227570,-2.32265,2026-02-04_04-08-09
Tether,usdt,0.998765,185488271918,131082185803,-0.03259,2026-02-04_04-08-09
BNB,bnb,761.29,103658717558,2010666740,-1.25975,2026-02-04_04-08-09
XRP,xrp,1.6,97173135466,4078443953,-0.7592,2026-02-04_04-08-09
Bitcoin,btc,76174.0,1523878449597,75748271976,-2.70087,2026-02-04_05-44-35
Ethereum,eth,2261.56,273443049416,46178003264,-2.53651,2026-02-04_05-44-35
Tether,usdt,0.998752,185486915090,129660777002,-0.0324,2026-02-04_05-44-35
BNB,bnb,755.56,103172154964,2002838776,-2.46575,2026-02-04_05-44-35
XRP,xrp,1.59,96767325544,4101493437,-1.39638,2026-02-04_05-44-35
Bitcoin,btc,76606.0,1530770092357,74995050565,-2.27689,2026-02-04_06-44-05
Ethereum,eth,2276.23,274726037346,47226616892,-1.80581,2026-02-04_06-44-05
Tether,usdt,0.998723,185480699843,129599636086,-0.03397,2026-02-04_06-44-05
BNB,bnb,761.34,103816922870,1996580495,-1.88752,2026-02-04_06-44-05
XRP,xrp,1.59,97056975695,4111492547,-0.81525,2026-02-04_06-44-05
Bitcoin,btc,76344.0,1525236745164,74149397757,-3.12974,2026-02-04_07-40-51
Ethereum,eth,2280.32,275167860991,43075442701,-2.09663,2026-02-04_07-40-51
Tether,usdt,0.998714,185479314058,129560432520,-0.04056,2026-02-04_07-40-51
BNB,bnb,761.82,103879585943,2000245419,-2.53018,2026-02-04_07-40-51
XRP,xrp,1.6,97441395356,4117369022,-0.99088,2026-02-04_07-40-51
Bitcoin,btc,76092.0,1519242569175,74664941248,-3.52152,2026-02-04_08-35-23
Ethereum,eth,2269.94,273594889349,47601743230,-2.42292,2026-02-04_08-35-23
Tether,usdt,0.998723,185483754364,129266422381,-0.03867,2026-02-04_08-35-23
BNB,bnb,758.76,103375699703,1983808698,-2.67498,2026-02-04_08-35-23
XRP,xrp,1.6,97411534561,4181999071,-1.17809,2026-02-04_08-35-23
Bitcoin,btc,75926.0,1519022676898,74581253428,-2.85084,2026-02-04_09-38-56
Ethereum,eth,2251.88,272241812881,46912812334,-1.64147,2026-02-04_09-38-56
Tether,usdt,0.998579,185455730267,127534811869,-0.05103,2026-02-04_09-38-56
BNB,bnb,754.87,103078166652,1966903085,-2.24922,2026-02-04_09-38-56
XRP,xrp,1.6,97266257874,4074893805,-0.29813,2026-02-04_09-38-56
Bitcoin,btc,76067.0,1519561600600,73888574053,-2.98148,2026-02-04_10-34-28
Ethereum,eth,2256.68,272129720963,46774454450,-1.17181,2026-02-04_10-34-28
Tether,usdt,0.998592,185454790027,127645247510,-0.05193,2026-02-04_10-34-28
BNB,bnb,755.37,102967573414,1946395631,-1.71926,2026-02-04_10-34-28
XRP,xrp,1.6,97318926293,4057868430,-0.03151,2026-02-04_10-34-28
Bitcoin,btc,75775.0,1514683864344,75206372955,-2.94106,2026-02-04_11-30-08
Ethereum,eth,2238.63,270235191476,47781045410,-1.44956,2026-02-04_11-30-08
Tether,usdt,0.998651,185470985152,129202699589,-0.0437,2026-02-04_11-30-08
BNB,bnb,748.63,102090005226,1993836829,-2.47368,2026-02-04_11-30-08
XRP,xrp,1.59,96460273212,4129389188,-0.8533,2026-02-04_11-30-08
Bitcoin,btc,76056.0,1519780274256,74013513041,-2.91243,2026-02-04_12-49-37
Ethereum,eth,2238.47,270073530280,47186622343,-2.58739,2026-02-04_12-49-37
Tether,usdt,0.998586,185451108080,130402160330,-0.04704,2026-02-04_12-49-37
BNB,bnb,749.66,102147099201,2020730299,-3.097,2026-02-04_12-49-37
XRP,xrp,1.59,96734028731,4045875491,-1.08317,2026-02-04_12-49-37
Bitcoin,btc,74813.0,1499783062118,76592564332,-4.32463,2026-02-04_14-00-47
Ethereum,eth,2197.38,266412320318,48642536099,-4.73103,2026-02-04_14-00-47
Tether,usdt,0.99852,185445456772,132321598551,-0.04975,2026-02-04_14-00-47
BNB,bnb,740.06,101139737554,2063911536,-4.3815,2026-02-04_14-00-47
XRP,xrp,1.57,95562401113,4145524933,-2.52705,2026-02-04_14-00-47
Bitcoin,btc,73943.0,1481393899780,75733254087,-4.87051,2026-02-04_15-38-10
Ethereum,eth,2146.45,260248656928,48423082268,-6.27553,2026-02-04_15-38-10
Tether,usdt,0.998498,185446024559,134444536172,-0.07857,2026-02-04_15-38-10
BNB,bnb,729.15,99899685794,2256147918,-5.67523,2026-02-04_15-38-10
XRP,xrp,1.54,94163289736,4567610757,-3.88524,2026-02-04_15-38-10
Bitcoin,btc,73214.0,1466706008669,79035778705,-4.54096,2026-02-04_16-40-52
Ethereum,eth,2110.48,254913467569,51481154361,-6.33698,2026-02-04_16-40-52
Tether,usdt,0.99849,185440163658,135630260057,-0.06557,2026-02-04_16-40-52
BNB,bnb,728.19,99671211318,2377468404,-4.84582,2026-02-04_16-40-52
XRP,xrp,1.53,93140999810,4656093653,-3.60219,2026-02-04_16-40-52
Bitcoin,btc,72185.0,1446661100422,81242471159,-4.26301,2026-02-04_17-42-14
Ethereum,eth,2095.74,254500988513,52057681011,-5.52566,2026-02-04_17-42-14
Tether,usdt,0.998033,185356952606,138382328777,-0.10021,2026-02-04_17-42-14
BNB,bnb,715.23,98132205073,2491439394,-5.04273,2026-02-04_17-42-14
XRP,xrp,1.51,92118044326,4534412173,-3.7686,2026-02-04_17-42-14
Bitcoin,btc,73817.0,1475069553055,77913440725,0.32641,2026-02-04_18-42-09
Ethereum,eth,2162.88,259823655077,51581516194,1.16261,2026-02-04_18-42-09
Tether,usdt,0.998129,185373636744,135254876132,-0.09045,2026-02-04_18-42-09
BNB,bnb,717.8,97469506259,2561944817,-3.47763,2026-02-04_18-42-09
XRP,xrp,1.54,92992793220,4768133431,-7e-05,2026-02-04_18-42-09
Bitcoin,btc,73257.0,1458952580968,74120524902,-2.12743,2026-02-04_19-36-16
Ethereum,eth,2142.18,257416456607,49604261437,-2.76245,2026-02-04_19-36-16
Tether,usdt,0.998081,185358818870,129277933010,-0.09087,2026-02-04_19-36-16
BNB,bnb,710.85,96699528120,2499217835,-6.10738,2026-02-04_19-36-16
XRP,xrp,1.53,92910536541,4156394259,-3.2617,2026-02-04_19-36-16
Bitcoin,btc,73518.0,1470366525742,73173491220,-2.64556,2026-02-04_20-29-10
Ethereum,eth,2165.32,261683835324,48392099211,-2.98873,2026-02-04_20-29-10
Tether,usdt,0.998142,185379699324,128509823984,-0.07181,2026-02-04_20-29-10
BNB,bnb,712.51,97229571053,2489803563,-6.23997,2026-02-04_20-29-10
XRP,xrp,1.54,93696964867,4117739955,-2.58134,2026-02-04_20-29-10
Bitcoin,btc,73011.0,1460298845268,71155463674,-4.53958,2026-02-04_21-28-36
Ethereum,eth,2138.17,258620686047,45053195423,-7.17015,2026-02-04_21-28-36
Tether,usdt,0.997957,185337548474,123163974127,-0.08239,2026-02-04_21-28-36
BNB,bnb,705.49,96217298806,2389651159,-8.1185,2026-02-04_21-28-36
XRP,xrp,1.52,92404830221,3843552369,-6.10507,2026-02-04_21-28-36
Bitcoin,btc,72578.0,1447838346744,72519860970,-4.12876,2026-02-04_22-22-10
Ethereum,eth,2122.02,255744820130,42286480533,-6.2861,2026-02-04_22-22-10
Tether,usdt,0.997796,185315622153,124808879211,-0.08557,2026-02-04_22-22-10
BNB,bnb,691.83,94132890791,2522541286,-8.8368,2026-02-04_22-22-10
XRP,xrp,1.51,91900246877,4340663880,-5.00377,2026-02-04_22-22-10
Bitcoin,btc,72879.0,1456888787281,73396004954,-3.81792,2026-02-04_23-22-53
Ethereum,eth,2138.45,258374472436,44740767837,-4.03215,2026-02-04_23-22-53
Tether,usdt,0.99798,185351863451,126080701552,-0.0761,2026-02-04_23-22-53
BNB,bnb,696.14,94752978304,2365620950,-7.99352,2026-02-04_23-22-53
XRP,xrp,1.51,92042828241,4425914576,-4.26669,2026-02-04_23-22-53
Bitcoin,btc,72354.0,1448221341109,75045925123,-5.56569,2026-02-05_01-44-19
Ethereum,eth,2145.38,258691374661,40639562682,-5.7295,2026-02-05_01-44-19
Tether,usdt,0.997724,185326760293,127871786502,-0.09779,2026-02-05_01-44-19
BNB,bnb,696.89,94937765636,2721144258,-8.42893,2026-02-05_01-44-19
XRP,xrp,1.48,90054197304,4724996660,-7.3176,2026-02-05_01-44-19
Bitcoin,btc,70726.0,1412933193633,81125421434,-7.60207,2026-02-05_04-10-47
Ethereum,eth,2088.17,253233549712,46923417476,-8.3372,2026-02-05_04-10-47
Tether,usdt,0.99816,185394507040,135556852670,-0.05925,2026-02-05_04-10-47
BNB,bnb,689.3,94280216789,2879485566,-9.34279,2026-02-05_04-10-47
XRP,xrp,1.44,87781086799,4571216365,-9.92178,2026-02-05_04-10-47
Bitcoin,btc,70641.0,1410457740545,88132616590,-7.26128,2026-02-05_05-52-43
Ethereum,eth,2097.96,252653321225,49658218271,-7.24589,2026-02-05_05-52-43
Tether,usdt,0.997881,185325335621,145840838391,-0.08596,2026-02-05_05-52-43
BNB,bnb,693.22,94393347705,2783871202,-8.27436,2026-02-05_05-52-43
XRP,xrp,1.45,88064558353,5508842969,-8.96888,2026-02-05_05-52-43
Bitcoin,btc,70668.0,1410521226999,89757844807,-7.69557,2026-02-05_06-52-38
Ethereum,eth,2080.41,250894458459,50819695027,-8.53492,2026-02-05_06-52-38
Tether,usdt,0.998033,185351037499,148837274346,-0.06777,2026-02-05_06-52-38
BNB,bnb,689.41,93958469700,3116418401,-9.50085,2026-02-05_06-52-38
XRP,xrp,1.42,86714736020,5668093824,-11.07011,2026-02-05_06-52-38
Bitcoin,btc,70976.0,1417599843890,90233275344,-7.17645,2026-02-05_07-46-54
Ethereum,eth,2098.85,253307076875,53111989674,-8.16453,2026-02-05_07-46-54
Tether,usdt,0.997868,185349576204,149215570689,-0.08435,2026-02-05_07-46-54
BNB,bnb,695.43,94828468654,3174957971,-8.97873,2026-02-05_07-46-54
XRP,xrp,1.44,87744953365,5806739445,-10.17085,2026-02-05_07-46-54
Bitcoin,btc,71225.0,1424998068416,89177603919,-6.43136,2026-02-05_08-37-08
Ethereum,eth,2110.94,254909137523,52303464554,-7.04893,2026-02-05_08-37-08
Tether,usdt,0.997967,185338062660,151544323218,-0.07784,2026-02-05_08-37-08
BNB,bnb,694.7,94747461046,3080302772,-8.47331,2026-02-05_08-37-08
XRP,xrp,1.44,87369104802,5862624445,-10.35936,2026-02-05_08-37-08
Bitcoin,btc,71456.0,1427858101835,93495962381,-5.87536,2026-02-05_09-39-22
Ethereum,eth,2129.71,257196623013,53570952963,-5.58175,2026-02-05_09-39-22
Tether,usdt,0.998179,185381393938,153817121276,-0.03911,2026-02-05_09-39-22
BNB,bnb,696.29,94911337762,3237265446,-7.8802,2026-02-05_09-39-22
XRP,xrp,1.42,86719648875,5932078901,-10.94566,2026-02-05_09-39-22
Bitcoin,btc,71443.0,1429864417757,94384505292,-6.15684,2026-02-05_10-36-16
Ethereum,eth,2130.06,257097100674,53754423633,-5.67492,2026-02-05_10-36-16
Tether,usdt,0.998149,185374391994,155455860932,-0.04592,2026-02-05_10-36-16
BNB,bnb,696.89,95037487375,3248161755,-7.77091,2026-02-05_10-36-16
XRP,xrp,1.4,85659459787,6119557503,-12.3158,2026-02-05_10-36-16
Bitcoin,btc,69918.0,1398830647106,98360849953,-7.71003,2026-02-05_11-32-19
Ethereum,eth,2066.48,249287855736,54135784987,-7.63553,2026-02-05_11-32-19
Tether,usdt,0.998348,185396423292,157586898610,-0.02843,2026-02-05_11-32-19
BNB,bnb,677.11,92332239822,3338605990,-9.54481,2026-02-05_11-32-19
XRP,xrp,1.35,82100640808,6481940495,-15.01437,2026-02-05_11-32-19
Bitcoin,btc,69463.0,1385821600994,100960323122,-8.65839,2026-02-05_12-52-36
Ethereum,eth,2061.98,248424708463,56189842872,-7.80468,2026-02-05_12-52-36
Tether,usdt,0.998357,185402181065,161636283210,-0.02306,2026-02-05_12-52-36
BNB,bnb,677.05,92124585293,3481068024,-9.66147,2026-02-05_12-52-36
XRP,xrp,1.36,82950137827,7011398443,-14.23067,2026-02-05_12-52-36
Bitcoin,btc,69777.0,1390626128020,101702476832,-6.85326,2026-02-05_14-03-18
Ethereum,eth,2064.23,248098946731,56294334400,-5.9736,2026-02-05_14-03-18
Tether,usdt,0.998158,185372805286,163691325913,-0.03324,2026-02-05_14-03-18
BNB,bnb,675.45,91875826455,3511951551,-8.7137,2026-02-05_14-03-18
XRP,xrp,1.35,82376008723,7243848436,-13.57405,2026-02-05_14-03-18
Bitcoin,btc,66905.0,1336002081573,108419371143,-9.5466,2026-02-05_15-37-29
Ethereum,eth,1936.79,233654439051,53844185083,-9.86855,2026-02-05_15-37-29
Tether,usdt,0.997988,185355975592,172153365279,-0.05295,2026-02-05_15-37-29
BNB,bnb,649.02,88508453758,3562475271,-11.0197,2026-02-05_15-37-29
XRP,xrp,1.29,78609172383,7684627099,-16.76305,2026-02-05_15-37-29
Bitcoin,btc,67978.0,1357891285492,114247604800,-7.05805,2026-02-05_16-41-29
Ethereum,eth,1984.02,239204744187,58171114728,-6.27841,2026-02-05_16-41-29
Tether,usdt,0.998065,185365329063,180249414109,-0.04718,2026-02-05_16-41-29
BNB,bnb,666.06,90895095205,3302614679,-8.78419,2026-02-05_16-41-29
XRP,xrp,1.29,78845909838,8316705958,-15.62031,2026-02-05_16-41-29
Bitcoin,btc,66870.0,1338616454263,115036255735,-7.36302,2026-02-05_17-43-54
Ethereum,eth,1966.93,237704559352,57426471267,-6.28606,2026-02-05_17-43-54
Tether,usdt,0.998215,185387206554,180136986297,0.01067,2026-02-05_17-43-54
BNB,bnb,659.04,89814384029,3598903115,-7.84347,2026-02-05_17-43-54
XRP,xrp,1.27,77356131715,8858434035,-16.14063,2026-02-05_17-43-54
Bitcoin,btc,65543.0,1309579957589,115813730264,-11.20872,2026-02-05_18-42-18
Ethereum,eth,1929.25,232783260188,54826167583,-10.33248,2026-02-05_18-42-18
Tether,usdt,0.997949,185334422800,179106159688,-0.01475,2026-02-05_18-42-18
BNB,bnb,638.11,86968301513,3489756362,-11.01295,2026-02-05_18-42-18
XRP,xrp,1.22,74413616534,8939240147,-20.43145,2026-02-05_18-42-18
Bitcoin,btc,65691.0,1312057025099,118761089268,-10.21065,2026-02-05_19-35-01
Ethereum,eth,1932.98,233709133785,55841355741,-9.5872,2026-02-05_19-35-01
Tether,usdt,0.998014,185338546198,181573835895,-0.00729,2026-02-05_19-35-01
BNB,bnb,645.07,88004629619,3552361808,-9.13675,2026-02-05_19-35-01
XRP,xrp,1.23,75191250467,9248808935,-19.37043,2026-02-05_19-35-01
Bitcoin,btc,63940.0,1271068930598,119419176878,-12.96237,2026-02-05_20-29-39
Ethereum,eth,1871.39,225898821912,55975385429,-13.60234,2026-02-05_20-29-39
Tether,usdt,0.997944,185302230311,187757069348,-0.02195,2026-02-05_20-29-39
BNB,bnb,622.7,84543856739,3592750755,-12.54037,2026-02-05_20-29-39
XRP,xrp,1.17,70889040373,9492875858,-24.22876,2026-02-05_20-29-39
Bitcoin,btc,63541.0,1259757538851,127912685175,-13.01978,2026-02-05_21-24-42
Ethereum,eth,1870.95,225818369837,48738037135,-12.67997,2026-02-05_21-24-42
Tether,usdt,0.998142,185339121187,203097736470,0.01769,2026-02-05_21-24-42
BNB,bnb,612.74,83290869006,4090705601,-13.16721,2026-02-05_21-24-42
XRP,xrp,1.17,71017637042,10494289823,-23.07179,2026-02-05_21-24-42
Bitcoin,btc,62722.0,1262210197857,136961556989,-13.53216,2026-02-05_22-22-45
Ethereum,eth,1825.86,223052422485,56341930747,-15.08993,2026-02-05_22-22-45
Tether,usdt,0.997946,185325564797,207156259263,0.01527,2026-02-05_22-22-45
BNB,bnb,603.52,83621903251,3671249359,-12.65847,2026-02-05_22-22-45
XRP,xrp,1.16,71183121376,10887983005,-23.20367,2026-02-05_22-22-45
Bitcoin,btc,64508.0,1287194685660,141074115698,-11.20998,2026-02-05_23-19-35
Ethereum,eth,1893.72,227928881239,61038186106,-10.99492,2026-02-05_23-19-35
Tether,usdt,0.998213,185419116318,213046439503,0.0238,2026-02-05_23-19-35
BNB,bnb,621.99,84859388939,3448169164,-10.14852,2026-02-05_23-19-35
XRP,xrp,1.25,75842411153,11802696010,-16.73852,2026-02-05_23-19-35
Bitcoin,btc,64358.0,1284282432275,160587851112,-11.48217,2026-02-06_01-43-59
Ethereum,eth,1907.89,230049490708,72080575703,-11.50588,2026-02-06_01-43-59
Tether,usdt,0.998719,185476763901,243911688806,0.08285,2026-02-06_01-43-59
BNB,bnb,623.43,84891500049,4905141287,-10.79724,2026-02-06_01-43-59
XRP,xrp,1.25,75968350365,13780474812,-15.76964,2026-02-06_01-43-59
Bitcoin,btc,64211.0,1286162397482,161199101739,-9.26208,2026-02-06_04-11-07
Ethereum,eth,1889.1,228614904705,71049094815,-9.67662,2026-02-06_04-11-07
Tether,usdt,0.998884,185510210999,246164388882,0.0767,2026-02-06_04-11-07
BNB,bnb,616.16,84117427905,4915569707,-10.7269,2026-02-06_04-11-07
XRP,xrp,1.27,77374678282,13704319778,-12.11983,2026-02-06_04-11-07
Bitcoin,btc,65820.0,1314288558897,160892565229,-6.71304,2026-02-06_05-50-46
Ethereum,eth,1936.09,233378676699,71342830355,-7.54921,2026-02-06_05-50-46
Tether,usdt,0.99888,185516107971,245004892895,0.09811,2026-02-06_05-50-46
BNB,bnb,634.32,86490958937,4978724779,-8.39485,2026-02-06_05-50-46
XRP,xrp,1.31,79663589017,12891613843,-9.59405,2026-02-06_05-50-46
Bitcoin,btc,65069.0,1300349731252,161632282039,-7.82915,2026-02-06_06-47-41
Ethereum,eth,1917.65,231555998129,71089763186,-7.74649,2026-02-06_06-47-41
Tether,usdt,0.99884,185500141626,246940273204,0.07971,2026-02-06_06-47-41
BNB,bnb,628.56,85984289924,5012145602,-8.7717,2026-02-06_06-47-41
XRP,xrp,1.31,79698148165,12584410009,-8.08613,2026-02-06_06-47-41
Bitcoin,btc,65249.0,1304358551663,162758788896,-8.11193,2026-02-06_07-43-17
Ethereum,eth,1906.82,230372518943,72408396528,-9.42744,2026-02-06_07-43-17
Tether,usdt,0.998823,185497485839,249169366601,0.09586,2026-02-06_07-43-17
BNB,bnb,625.52,85315424425,4989167576,-10.14969,2026-02-06_07-43-17
XRP,xrp,1.3,79467920014,12535315224,-9.63553,2026-02-06_07-43-17
Bitcoin,btc,64512.0,1290221648025,163444064295,-9.41231,2026-02-06_08-36-20
Ethereum,eth,1871.06,225903834336,73548989661,-11.36332,2026-02-06_08-36-20
Tether,usdt,0.998852,185503349299,250812650489,0.08863,2026-02-06_08-36-20
BNB,bnb,618.55,84342298005,5007857088,-10.98002,2026-02-06_08-36-20
XRP,xrp,1.29,78703454916,14806231439,-10.08066,2026-02-06_08-36-20
Bitcoin,btc,65886.0,1315639031465,165245408875,-7.8142,2026-02-06_09-38-03
Ethereum,eth,1911.67,230593844774,75158113697,-10.29203,2026-02-06_09-38-03
Tether,usdt,0.998758,185486802371,254775205783,0.05811,2026-02-06_09-38-03
BNB,bnb,627.09,85366697303,5087629649,-9.91168,2026-02-06_09-38-03
XRP,xrp,1.32,80515478039,15142647864,-7.22965,2026-02-06_09-38-03
Bitcoin,btc,66001.0,1318179577185,165825215811,-7.78839,2026-02-06_10-34-55
Ethereum,eth,1927.1,232322963652,76348033170,-9.71103,2026-02-06_10-34-55
Tether,usdt,0.99879,185490837921,257662360414,0.06334,2026-02-06_10-34-55
BNB,bnb,633.52,86283219025,5155421995,-9.15236,2026-02-06_10-34-55
XRP,xrp,1.37,82931838494,15543529696,-2.81036,2026-02-06_10-34-55
Bitcoin,btc,65937.0,1317705994976,162849604270,-5.89674,2026-02-06_11-30-21
Ethereum,eth,1924.06,232251019177,76195941313,-6.82615,2026-02-06_11-30-21
Tether,usdt,0.998679,185469718128,255189697873,0.0414,2026-02-06_11-30-21
BNB,bnb,633.96,86444593813,4967873968,-6.57639,2026-02-06_11-30-21
XRP,xrp,1.36,82550365104,13430919199,0.55698,2026-02-06_11-30-21
Bitcoin,btc,66305.0,1325234215309,160810716785,-4.38272,2026-02-06_12-49-46
Ethereum,eth,1920.49,231803824627,74011772742,-6.69571,2026-02-06_12-49-46
Tether,usdt,0.998762,185486291687,250666549152,0.04531,2026-02-06_12-49-46
BNB,bnb,635.4,86652839919,4900756736,-5.89268,2026-02-06_12-49-46
XRP,xrp,1.37,83733601843,12925586923,0.87045,2026-02-06_12-49-46
Bitcoin,btc,67361.0,1346412321147,163016128562,-3.16278,2026-02-06_13-59-18
Ethereum,eth,1952.07,235676530948,76170803811,-4.96453,2026-02-06_13-59-18
Tether,usdt,0.9991,185547482322,254447975613,0.09214,2026-02-06_13-59-18
BNB,bnb,644.66,87921559496,4712877656,-4.33453,2026-02-06_13-59-18
XRP,xrp,1.43,87326722105,16146168458,5.95491,2026-02-06_13-59-18
Bitcoin,btc,68003.0,1357544209024,164621427638,-3.36841,2026-02-06_14-45-41
Ethereum,eth,1975.56,238145412461,75949559633,-5.57721,2026-02-06_14-45-41
Tether,usdt,0.999216,185590987660,256944328395,0.06796,2026-02-06_14-45-41
BNB,bnb,648.25,88215774690,4928542287,-5.00489,2026-02-06_14-45-41
XRP,xrp,1.45,87959878046,16482942934,5.35516,2026-02-06_14-45-41
Bitcoin,btc,68149.0,1361356061380,158906999010,1.9646,2026-02-06_15-35-47
Ethereum,eth,1973.11,237948499688,73879875723,1.97268,2026-02-06_15-35-47
Tether,usdt,0.999547,185631585859,249520693988,0.15246,2026-02-06_15-35-47
XRP,xrp,1.49,90421236292,16661054018,15.72382,2026-02-06_15-35-47
BNB,bnb,648.37,88349586707,4806317651,-0.10904,2026-02-06_15-35-47
Bitcoin,btc,69644.0,1391263528992,157435822016,2.34016,2026-02-06_16-39-07
Ethereum,eth,2034.87,245425661596,73793919929,2.50759,2026-02-06_16-39-07
Tether,usdt,0.999682,185654268535,248279014711,0.16857,2026-02-06_16-39-07
XRP,xrp,1.52,92589500871,16889133963,17.22068,2026-02-06_16-39-07
BNB,bnb,660.45,90011980438,4707989729,-0.92571,2026-02-06_16-39-07
Bitcoin,btc,70835.0,1425816719779,159972819244,6.19014,2026-02-06_17-38-17
Ethereum,eth,2067.17,251508066183,75434172807,5.78706,2026-02-06_17-38-17
Tether,usdt,0.999732,185666752768,250079207803,0.16541,2026-02-06_17-38-17
XRP,xrp,1.51,92038701889,16504145672,18.74497,2026-02-06_17-38-17
BNB,bnb,664.13,91154763040,4832033017,0.86525,2026-02-06_17-38-17
Bitcoin,btc,70172.0,1400085091840,156907539084,6.93496,2026-02-06_18-42-18
Ethereum,eth,2057.23,247957802674,69124489938,6.76666,2026-02-06_18-42-18
Tether,usdt,0.999456,185600817868,248555798987,0.15111,2026-02-06_18-42-18
XRP,xrp,1.47,89400521404,16204038463,20.02613,2026-02-06_18-42-18
BNB,bnb,656.28,89314184356,4200139936,3.00238,2026-02-06_18-42-18
Bitcoin,btc,70321.0,1402457999425,155290674626,7.10131,2026-02-06_19-35-14
Ethereum,eth,2051.68,247470096731,73725222679,6.23259,2026-02-06_19-35-14
Tether,usdt,0.999052,185544856517,245833561187,0.10636,2026-02-06_19-35-14
BNB,bnb,656.37,89454466926,4627129301,1.59458,2026-02-06_19-35-14
XRP,xrp,1.45,88313959935,15913837923,17.90652,2026-02-06_19-35-14
Bitcoin,btc,70484.0,1409403851110,147846023269,10.24811,2026-02-06_20-28-43
Ethereum,eth,2050.46,247471112201,71115288793,9.46732,2026-02-06_20-28-43
Tether,usdt,0.999283,185585408291,236885103687,0.12472,2026-02-06_20-28-43
BNB,bnb,658.63,89743868771,4428756500,5.61405,2026-02-06_20-28-43
XRP,xrp,1.45,88062877350,13059745803,24.26353,2026-02-06_20-28-43
Bitcoin,btc,70305.0,1403389240725,138064007810,10.41559,2026-02-06_21-26-32
Ethereum,eth,2054.73,247899435321,67506130103,9.62172,2026-02-06_21-26-32
Tether,usdt,0.999434,185605139670,223492148976,0.13068,2026-02-06_21-26-32
BNB,bnb,660.27,89942970425,3276359622,7.96401,2026-02-06_21-26-32
XRP,xrp,1.46,88602313576,14422489229,24.63974,2026-02-06_21-26-32
Bitcoin,btc,70473.0,1410404675162,133978051039,12.23413,2026-02-06_22-18-24
Ethereum,eth,2054.22,249022365747,66425532624,12.31519,2026-02-06_22-18-24
Tether,usdt,0.999263,185583221366,217740839555,0.13207,2026-02-06_22-18-24
BNB,bnb,661.89,90408953236,3791417935,9.43616,2026-02-06_22-18-24
XRP,xrp,1.46,88903372765,11946646891,25.7384,2026-02-06_22-18-24
Bitcoin,btc,70746.0,1413902597697,131324227189,10.47272,2026-02-06_23-21-21
Ethereum,eth,2057.26,248116074160,67005697535,9.92419,2026-02-06_23-21-21
Tether,usdt,0.999305,185594023598,213897535943,0.09551,2026-02-06_23-21-21
XRP,xrp,1.48,90048539803,13471662630,18.82952,2026-02-06_23-21-21
BNB,bnb,660.77,90004143421,3692410243,6.8583,2026-02-06_23-21-21
